position,song,artist
1,CHOOSIN' TEXAS,ELLA LANGLEY
2,GREAT EXPECTATION,SIENNA SPIRO
3,MOVIN' TO THE SUN,HUGEL/IMAEL ANGEL/ULTRA NATE
4,BOSTON,STELLA LEFTY
5,9 TO 5,DOLLY PARTON
6,JOLENE,DOLLY PARTON
7,REIN ME IN,SAM FENDER & OLIVIA DEAN
8,THE CURE,OLIVIA RODRIGO
9,ISLANDS IN THE STREAM,DOLLY PARTON & KENNY ROGERS
10,MAN I NEED,OLIVIA DEAN
11,ON 2NITE,SILVA BUMPA
12,LOSER,TAME IMPALA
13,DIE ON THIS HILL,SIENNA SPIRO
14,DAI DAI,SHAKIRA & BURNA BOY
15,EARRINGS,MALCOLM TODD
16,ANIMAL,KATSEYE
17,BLOODSTREAM,ALYSSA GRACE
18,TRAINING SEASON,DUA LIPA
19,MY BODY ISN'T READY,SOMBR
20,STUPID SONG,OLIVIA RODRIGO
21,SUE ME,AUDREY HOBERT
22,MARIANNE,FONTAINES DC
23,STOP THE WEDDING,ASHE
24,SIGN OF THE TIMES,HARRY STYLES
25,SELF AWARE,TEMPER CITY
26,AIN'T IN LA,ADELA
27,HATE THAT I MADE YOU LOVE ME,ARIANA GRANDE
28,ORBITER,NOAH KAHAN
29,ORDINARY,ALEX WARREN
30,BE HER,ELLA LANGLEY
31,THE ONE THAT GOT AWAY,KATY PERRY
32,OH YEAH,STEVE LACY
33,HOOTIE FRUTTI,KATSEYE
34,FREE YOUR MIND,PROSPA/CLOONEE
35,PETAL,ARIANA GRANDE
36,PURE,SIENNA SPIRO
37,BLESSINGS,CALVIN HARRIS/DOUGLAS
38,UNWRITTEN,NATASHA BEDINGFIELD
39,WILLING AND ABLE,NOAH KAHAN
40,WHERE IS MY HUSBAND,RAYE
